food_group,short,met_pct,cell,col,row,met
"Vegetables, legumes and beans",Vegetables,4.3,0,0,0,1
"Vegetables, legumes and beans",Vegetables,4.3,1,1,0,1
"Vegetables, legumes and beans",Vegetables,4.3,2,2,0,1
"Vegetables, legumes and beans",Vegetables,4.3,3,3,0,1
"Vegetables, legumes and beans",Vegetables,4.3,4,4,0,0
"Vegetables, legumes and beans",Vegetables,4.3,5,5,0,0
"Vegetables, legumes and beans",Vegetables,4.3,6,6,0,0
"Vegetables, legumes and beans",Vegetables,4.3,7,7,0,0
"Vegetables, legumes and beans",Vegetables,4.3,8,8,0,0
"Vegetables, legumes and beans",Vegetables,4.3,9,9,0,0
"Vegetables, legumes and beans",Vegetables,4.3,10,0,1,0
"Vegetables, legumes and beans",Vegetables,4.3,11,1,1,0
"Vegetables, legumes and beans",Vegetables,4.3,12,2,1,0
"Vegetables, legumes and beans",Vegetables,4.3,13,3,1,0
"Vegetables, legumes and beans",Vegetables,4.3,14,4,1,0
"Vegetables, legumes and beans",Vegetables,4.3,15,5,1,0
"Vegetables, legumes and beans",Vegetables,4.3,16,6,1,0
"Vegetables, legumes and beans",Vegetables,4.3,17,7,1,0
"Vegetables, legumes and beans",Vegetables,4.3,18,8,1,0
"Vegetables, legumes and beans",Vegetables,4.3,19,9,1,0
"Vegetables, legumes and beans",Vegetables,4.3,20,0,2,0
"Vegetables, legumes and beans",Vegetables,4.3,21,1,2,0
"Vegetables, legumes and beans",Vegetables,4.3,22,2,2,0
"Vegetables, legumes and beans",Vegetables,4.3,23,3,2,0
"Vegetables, legumes and beans",Vegetables,4.3,24,4,2,0
"Vegetables, legumes and beans",Vegetables,4.3,25,5,2,0
"Vegetables, legumes and beans",Vegetables,4.3,26,6,2,0
"Vegetables, legumes and beans",Vegetables,4.3,27,7,2,0
"Vegetables, legumes and beans",Vegetables,4.3,28,8,2,0
"Vegetables, legumes and beans",Vegetables,4.3,29,9,2,0
"Vegetables, legumes and beans",Vegetables,4.3,30,0,3,0
"Vegetables, legumes and beans",Vegetables,4.3,31,1,3,0
"Vegetables, legumes and beans",Vegetables,4.3,32,2,3,0
"Vegetables, legumes and beans",Vegetables,4.3,33,3,3,0
"Vegetables, legumes and beans",Vegetables,4.3,34,4,3,0
"Vegetables, legumes and beans",Vegetables,4.3,35,5,3,0
"Vegetables, legumes and beans",Vegetables,4.3,36,6,3,0
"Vegetables, legumes and beans",Vegetables,4.3,37,7,3,0
"Vegetables, legumes and beans",Vegetables,4.3,38,8,3,0
"Vegetables, legumes and beans",Vegetables,4.3,39,9,3,0
"Vegetables, legumes and beans",Vegetables,4.3,40,0,4,0
"Vegetables, legumes and beans",Vegetables,4.3,41,1,4,0
"Vegetables, legumes and beans",Vegetables,4.3,42,2,4,0
"Vegetables, legumes and beans",Vegetables,4.3,43,3,4,0
"Vegetables, legumes and beans",Vegetables,4.3,44,4,4,0
"Vegetables, legumes and beans",Vegetables,4.3,45,5,4,0
"Vegetables, legumes and beans",Vegetables,4.3,46,6,4,0
"Vegetables, legumes and beans",Vegetables,4.3,47,7,4,0
"Vegetables, legumes and beans",Vegetables,4.3,48,8,4,0
"Vegetables, legumes and beans",Vegetables,4.3,49,9,4,0
"Vegetables, legumes and beans",Vegetables,4.3,50,0,5,0
"Vegetables, legumes and beans",Vegetables,4.3,51,1,5,0
"Vegetables, legumes and beans",Vegetables,4.3,52,2,5,0
"Vegetables, legumes and beans",Vegetables,4.3,53,3,5,0
"Vegetables, legumes and beans",Vegetables,4.3,54,4,5,0
"Vegetables, legumes and beans",Vegetables,4.3,55,5,5,0
"Vegetables, legumes and beans",Vegetables,4.3,56,6,5,0
"Vegetables, legumes and beans",Vegetables,4.3,57,7,5,0
"Vegetables, legumes and beans",Vegetables,4.3,58,8,5,0
"Vegetables, legumes and beans",Vegetables,4.3,59,9,5,0
"Vegetables, legumes and beans",Vegetables,4.3,60,0,6,0
"Vegetables, legumes and beans",Vegetables,4.3,61,1,6,0
"Vegetables, legumes and beans",Vegetables,4.3,62,2,6,0
"Vegetables, legumes and beans",Vegetables,4.3,63,3,6,0
"Vegetables, legumes and beans",Vegetables,4.3,64,4,6,0
"Vegetables, legumes and beans",Vegetables,4.3,65,5,6,0
"Vegetables, legumes and beans",Vegetables,4.3,66,6,6,0
"Vegetables, legumes and beans",Vegetables,4.3,67,7,6,0
"Vegetables, legumes and beans",Vegetables,4.3,68,8,6,0
"Vegetables, legumes and beans",Vegetables,4.3,69,9,6,0
"Vegetables, legumes and beans",Vegetables,4.3,70,0,7,0
"Vegetables, legumes and beans",Vegetables,4.3,71,1,7,0
"Vegetables, legumes and beans",Vegetables,4.3,72,2,7,0
"Vegetables, legumes and beans",Vegetables,4.3,73,3,7,0
"Vegetables, legumes and beans",Vegetables,4.3,74,4,7,0
"Vegetables, legumes and beans",Vegetables,4.3,75,5,7,0
"Vegetables, legumes and beans",Vegetables,4.3,76,6,7,0
"Vegetables, legumes and beans",Vegetables,4.3,77,7,7,0
"Vegetables, legumes and beans",Vegetables,4.3,78,8,7,0
"Vegetables, legumes and beans",Vegetables,4.3,79,9,7,0
"Vegetables, legumes and beans",Vegetables,4.3,80,0,8,0
"Vegetables, legumes and beans",Vegetables,4.3,81,1,8,0
"Vegetables, legumes and beans",Vegetables,4.3,82,2,8,0
"Vegetables, legumes and beans",Vegetables,4.3,83,3,8,0
"Vegetables, legumes and beans",Vegetables,4.3,84,4,8,0
"Vegetables, legumes and beans",Vegetables,4.3,85,5,8,0
"Vegetables, legumes and beans",Vegetables,4.3,86,6,8,0
"Vegetables, legumes and beans",Vegetables,4.3,87,7,8,0
"Vegetables, legumes and beans",Vegetables,4.3,88,8,8,0
"Vegetables, legumes and beans",Vegetables,4.3,89,9,8,0
"Vegetables, legumes and beans",Vegetables,4.3,90,0,9,0
"Vegetables, legumes and beans",Vegetables,4.3,91,1,9,0
"Vegetables, legumes and beans",Vegetables,4.3,92,2,9,0
"Vegetables, legumes and beans",Vegetables,4.3,93,3,9,0
"Vegetables, legumes and beans",Vegetables,4.3,94,4,9,0
"Vegetables, legumes and beans",Vegetables,4.3,95,5,9,0
"Vegetables, legumes and beans",Vegetables,4.3,96,6,9,0
"Vegetables, legumes and beans",Vegetables,4.3,97,7,9,0
"Vegetables, legumes and beans",Vegetables,4.3,98,8,9,0
"Vegetables, legumes and beans",Vegetables,4.3,99,9,9,0
Lean meat and alternatives,Lean meat,20.6,0,0,0,1
Lean meat and alternatives,Lean meat,20.6,1,1,0,1
Lean meat and alternatives,Lean meat,20.6,2,2,0,1
Lean meat and alternatives,Lean meat,20.6,3,3,0,1
Lean meat and alternatives,Lean meat,20.6,4,4,0,1
Lean meat and alternatives,Lean meat,20.6,5,5,0,1
Lean meat and alternatives,Lean meat,20.6,6,6,0,1
Lean meat and alternatives,Lean meat,20.6,7,7,0,1
Lean meat and alternatives,Lean meat,20.6,8,8,0,1
Lean meat and alternatives,Lean meat,20.6,9,9,0,1
Lean meat and alternatives,Lean meat,20.6,10,0,1,1
Lean meat and alternatives,Lean meat,20.6,11,1,1,1
Lean meat and alternatives,Lean meat,20.6,12,2,1,1
Lean meat and alternatives,Lean meat,20.6,13,3,1,1
Lean meat and alternatives,Lean meat,20.6,14,4,1,1
Lean meat and alternatives,Lean meat,20.6,15,5,1,1
Lean meat and alternatives,Lean meat,20.6,16,6,1,1
Lean meat and alternatives,Lean meat,20.6,17,7,1,1
Lean meat and alternatives,Lean meat,20.6,18,8,1,1
Lean meat and alternatives,Lean meat,20.6,19,9,1,1
Lean meat and alternatives,Lean meat,20.6,20,0,2,1
Lean meat and alternatives,Lean meat,20.6,21,1,2,0
Lean meat and alternatives,Lean meat,20.6,22,2,2,0
Lean meat and alternatives,Lean meat,20.6,23,3,2,0
Lean meat and alternatives,Lean meat,20.6,24,4,2,0
Lean meat and alternatives,Lean meat,20.6,25,5,2,0
Lean meat and alternatives,Lean meat,20.6,26,6,2,0
Lean meat and alternatives,Lean meat,20.6,27,7,2,0
Lean meat and alternatives,Lean meat,20.6,28,8,2,0
Lean meat and alternatives,Lean meat,20.6,29,9,2,0
Lean meat and alternatives,Lean meat,20.6,30,0,3,0
Lean meat and alternatives,Lean meat,20.6,31,1,3,0
Lean meat and alternatives,Lean meat,20.6,32,2,3,0
Lean meat and alternatives,Lean meat,20.6,33,3,3,0
Lean meat and alternatives,Lean meat,20.6,34,4,3,0
Lean meat and alternatives,Lean meat,20.6,35,5,3,0
Lean meat and alternatives,Lean meat,20.6,36,6,3,0
Lean meat and alternatives,Lean meat,20.6,37,7,3,0
Lean meat and alternatives,Lean meat,20.6,38,8,3,0
Lean meat and alternatives,Lean meat,20.6,39,9,3,0
Lean meat and alternatives,Lean meat,20.6,40,0,4,0
Lean meat and alternatives,Lean meat,20.6,41,1,4,0
Lean meat and alternatives,Lean meat,20.6,42,2,4,0
Lean meat and alternatives,Lean meat,20.6,43,3,4,0
Lean meat and alternatives,Lean meat,20.6,44,4,4,0
Lean meat and alternatives,Lean meat,20.6,45,5,4,0
Lean meat and alternatives,Lean meat,20.6,46,6,4,0
Lean meat and alternatives,Lean meat,20.6,47,7,4,0
Lean meat and alternatives,Lean meat,20.6,48,8,4,0
Lean meat and alternatives,Lean meat,20.6,49,9,4,0
Lean meat and alternatives,Lean meat,20.6,50,0,5,0
Lean meat and alternatives,Lean meat,20.6,51,1,5,0
Lean meat and alternatives,Lean meat,20.6,52,2,5,0
Lean meat and alternatives,Lean meat,20.6,53,3,5,0
Lean meat and alternatives,Lean meat,20.6,54,4,5,0
Lean meat and alternatives,Lean meat,20.6,55,5,5,0
Lean meat and alternatives,Lean meat,20.6,56,6,5,0
Lean meat and alternatives,Lean meat,20.6,57,7,5,0
Lean meat and alternatives,Lean meat,20.6,58,8,5,0
Lean meat and alternatives,Lean meat,20.6,59,9,5,0
Lean meat and alternatives,Lean meat,20.6,60,0,6,0
Lean meat and alternatives,Lean meat,20.6,61,1,6,0
Lean meat and alternatives,Lean meat,20.6,62,2,6,0
Lean meat and alternatives,Lean meat,20.6,63,3,6,0
Lean meat and alternatives,Lean meat,20.6,64,4,6,0
Lean meat and alternatives,Lean meat,20.6,65,5,6,0
Lean meat and alternatives,Lean meat,20.6,66,6,6,0
Lean meat and alternatives,Lean meat,20.6,67,7,6,0
Lean meat and alternatives,Lean meat,20.6,68,8,6,0
Lean meat and alternatives,Lean meat,20.6,69,9,6,0
Lean meat and alternatives,Lean meat,20.6,70,0,7,0
Lean meat and alternatives,Lean meat,20.6,71,1,7,0
Lean meat and alternatives,Lean meat,20.6,72,2,7,0
Lean meat and alternatives,Lean meat,20.6,73,3,7,0
Lean meat and alternatives,Lean meat,20.6,74,4,7,0
Lean meat and alternatives,Lean meat,20.6,75,5,7,0
Lean meat and alternatives,Lean meat,20.6,76,6,7,0
Lean meat and alternatives,Lean meat,20.6,77,7,7,0
Lean meat and alternatives,Lean meat,20.6,78,8,7,0
Lean meat and alternatives,Lean meat,20.6,79,9,7,0
Lean meat and alternatives,Lean meat,20.6,80,0,8,0
Lean meat and alternatives,Lean meat,20.6,81,1,8,0
Lean meat and alternatives,Lean meat,20.6,82,2,8,0
Lean meat and alternatives,Lean meat,20.6,83,3,8,0
Lean meat and alternatives,Lean meat,20.6,84,4,8,0
Lean meat and alternatives,Lean meat,20.6,85,5,8,0
Lean meat and alternatives,Lean meat,20.6,86,6,8,0
Lean meat and alternatives,Lean meat,20.6,87,7,8,0
Lean meat and alternatives,Lean meat,20.6,88,8,8,0
Lean meat and alternatives,Lean meat,20.6,89,9,8,0
Lean meat and alternatives,Lean meat,20.6,90,0,9,0
Lean meat and alternatives,Lean meat,20.6,91,1,9,0
Lean meat and alternatives,Lean meat,20.6,92,2,9,0
Lean meat and alternatives,Lean meat,20.6,93,3,9,0
Lean meat and alternatives,Lean meat,20.6,94,4,9,0
Lean meat and alternatives,Lean meat,20.6,95,5,9,0
Lean meat and alternatives,Lean meat,20.6,96,6,9,0
Lean meat and alternatives,Lean meat,20.6,97,7,9,0
Lean meat and alternatives,Lean meat,20.6,98,8,9,0
Lean meat and alternatives,Lean meat,20.6,99,9,9,0
Fruit,Fruit,23.1,0,0,0,1
Fruit,Fruit,23.1,1,1,0,1
Fruit,Fruit,23.1,2,2,0,1
Fruit,Fruit,23.1,3,3,0,1
Fruit,Fruit,23.1,4,4,0,1
Fruit,Fruit,23.1,5,5,0,1
Fruit,Fruit,23.1,6,6,0,1
Fruit,Fruit,23.1,7,7,0,1
Fruit,Fruit,23.1,8,8,0,1
Fruit,Fruit,23.1,9,9,0,1
Fruit,Fruit,23.1,10,0,1,1
Fruit,Fruit,23.1,11,1,1,1
Fruit,Fruit,23.1,12,2,1,1
Fruit,Fruit,23.1,13,3,1,1
Fruit,Fruit,23.1,14,4,1,1
Fruit,Fruit,23.1,15,5,1,1
Fruit,Fruit,23.1,16,6,1,1
Fruit,Fruit,23.1,17,7,1,1
Fruit,Fruit,23.1,18,8,1,1
Fruit,Fruit,23.1,19,9,1,1
Fruit,Fruit,23.1,20,0,2,1
Fruit,Fruit,23.1,21,1,2,1
Fruit,Fruit,23.1,22,2,2,1
Fruit,Fruit,23.1,23,3,2,0
Fruit,Fruit,23.1,24,4,2,0
Fruit,Fruit,23.1,25,5,2,0
Fruit,Fruit,23.1,26,6,2,0
Fruit,Fruit,23.1,27,7,2,0
Fruit,Fruit,23.1,28,8,2,0
Fruit,Fruit,23.1,29,9,2,0
Fruit,Fruit,23.1,30,0,3,0
Fruit,Fruit,23.1,31,1,3,0
Fruit,Fruit,23.1,32,2,3,0
Fruit,Fruit,23.1,33,3,3,0
Fruit,Fruit,23.1,34,4,3,0
Fruit,Fruit,23.1,35,5,3,0
Fruit,Fruit,23.1,36,6,3,0
Fruit,Fruit,23.1,37,7,3,0
Fruit,Fruit,23.1,38,8,3,0
Fruit,Fruit,23.1,39,9,3,0
Fruit,Fruit,23.1,40,0,4,0
Fruit,Fruit,23.1,41,1,4,0
Fruit,Fruit,23.1,42,2,4,0
Fruit,Fruit,23.1,43,3,4,0
Fruit,Fruit,23.1,44,4,4,0
Fruit,Fruit,23.1,45,5,4,0
Fruit,Fruit,23.1,46,6,4,0
Fruit,Fruit,23.1,47,7,4,0
Fruit,Fruit,23.1,48,8,4,0
Fruit,Fruit,23.1,49,9,4,0
Fruit,Fruit,23.1,50,0,5,0
Fruit,Fruit,23.1,51,1,5,0
Fruit,Fruit,23.1,52,2,5,0
Fruit,Fruit,23.1,53,3,5,0
Fruit,Fruit,23.1,54,4,5,0
Fruit,Fruit,23.1,55,5,5,0
Fruit,Fruit,23.1,56,6,5,0
Fruit,Fruit,23.1,57,7,5,0
Fruit,Fruit,23.1,58,8,5,0
Fruit,Fruit,23.1,59,9,5,0
Fruit,Fruit,23.1,60,0,6,0
Fruit,Fruit,23.1,61,1,6,0
Fruit,Fruit,23.1,62,2,6,0
Fruit,Fruit,23.1,63,3,6,0
Fruit,Fruit,23.1,64,4,6,0
Fruit,Fruit,23.1,65,5,6,0
Fruit,Fruit,23.1,66,6,6,0
Fruit,Fruit,23.1,67,7,6,0
Fruit,Fruit,23.1,68,8,6,0
Fruit,Fruit,23.1,69,9,6,0
Fruit,Fruit,23.1,70,0,7,0
Fruit,Fruit,23.1,71,1,7,0
Fruit,Fruit,23.1,72,2,7,0
Fruit,Fruit,23.1,73,3,7,0
Fruit,Fruit,23.1,74,4,7,0
Fruit,Fruit,23.1,75,5,7,0
Fruit,Fruit,23.1,76,6,7,0
Fruit,Fruit,23.1,77,7,7,0
Fruit,Fruit,23.1,78,8,7,0
Fruit,Fruit,23.1,79,9,7,0
Fruit,Fruit,23.1,80,0,8,0
Fruit,Fruit,23.1,81,1,8,0
Fruit,Fruit,23.1,82,2,8,0
Fruit,Fruit,23.1,83,3,8,0
Fruit,Fruit,23.1,84,4,8,0
Fruit,Fruit,23.1,85,5,8,0
Fruit,Fruit,23.1,86,6,8,0
Fruit,Fruit,23.1,87,7,8,0
Fruit,Fruit,23.1,88,8,8,0
Fruit,Fruit,23.1,89,9,8,0
Fruit,Fruit,23.1,90,0,9,0
Fruit,Fruit,23.1,91,1,9,0
Fruit,Fruit,23.1,92,2,9,0
Fruit,Fruit,23.1,93,3,9,0
Fruit,Fruit,23.1,94,4,9,0
Fruit,Fruit,23.1,95,5,9,0
Fruit,Fruit,23.1,96,6,9,0
Fruit,Fruit,23.1,97,7,9,0
Fruit,Fruit,23.1,98,8,9,0
Fruit,Fruit,23.1,99,9,9,0
Grains and cereals,Grains,27.8,0,0,0,1
Grains and cereals,Grains,27.8,1,1,0,1
Grains and cereals,Grains,27.8,2,2,0,1
Grains and cereals,Grains,27.8,3,3,0,1
Grains and cereals,Grains,27.8,4,4,0,1
Grains and cereals,Grains,27.8,5,5,0,1
Grains and cereals,Grains,27.8,6,6,0,1
Grains and cereals,Grains,27.8,7,7,0,1
Grains and cereals,Grains,27.8,8,8,0,1
Grains and cereals,Grains,27.8,9,9,0,1
Grains and cereals,Grains,27.8,10,0,1,1
Grains and cereals,Grains,27.8,11,1,1,1
Grains and cereals,Grains,27.8,12,2,1,1
Grains and cereals,Grains,27.8,13,3,1,1
Grains and cereals,Grains,27.8,14,4,1,1
Grains and cereals,Grains,27.8,15,5,1,1
Grains and cereals,Grains,27.8,16,6,1,1
Grains and cereals,Grains,27.8,17,7,1,1
Grains and cereals,Grains,27.8,18,8,1,1
Grains and cereals,Grains,27.8,19,9,1,1
Grains and cereals,Grains,27.8,20,0,2,1
Grains and cereals,Grains,27.8,21,1,2,1
Grains and cereals,Grains,27.8,22,2,2,1
Grains and cereals,Grains,27.8,23,3,2,1
Grains and cereals,Grains,27.8,24,4,2,1
Grains and cereals,Grains,27.8,25,5,2,1
Grains and cereals,Grains,27.8,26,6,2,1
Grains and cereals,Grains,27.8,27,7,2,1
Grains and cereals,Grains,27.8,28,8,2,0
Grains and cereals,Grains,27.8,29,9,2,0
Grains and cereals,Grains,27.8,30,0,3,0
Grains and cereals,Grains,27.8,31,1,3,0
Grains and cereals,Grains,27.8,32,2,3,0
Grains and cereals,Grains,27.8,33,3,3,0
Grains and cereals,Grains,27.8,34,4,3,0
Grains and cereals,Grains,27.8,35,5,3,0
Grains and cereals,Grains,27.8,36,6,3,0
Grains and cereals,Grains,27.8,37,7,3,0
Grains and cereals,Grains,27.8,38,8,3,0
Grains and cereals,Grains,27.8,39,9,3,0
Grains and cereals,Grains,27.8,40,0,4,0
Grains and cereals,Grains,27.8,41,1,4,0
Grains and cereals,Grains,27.8,42,2,4,0
Grains and cereals,Grains,27.8,43,3,4,0
Grains and cereals,Grains,27.8,44,4,4,0
Grains and cereals,Grains,27.8,45,5,4,0
Grains and cereals,Grains,27.8,46,6,4,0
Grains and cereals,Grains,27.8,47,7,4,0
Grains and cereals,Grains,27.8,48,8,4,0
Grains and cereals,Grains,27.8,49,9,4,0
Grains and cereals,Grains,27.8,50,0,5,0
Grains and cereals,Grains,27.8,51,1,5,0
Grains and cereals,Grains,27.8,52,2,5,0
Grains and cereals,Grains,27.8,53,3,5,0
Grains and cereals,Grains,27.8,54,4,5,0
Grains and cereals,Grains,27.8,55,5,5,0
Grains and cereals,Grains,27.8,56,6,5,0
Grains and cereals,Grains,27.8,57,7,5,0
Grains and cereals,Grains,27.8,58,8,5,0
Grains and cereals,Grains,27.8,59,9,5,0
Grains and cereals,Grains,27.8,60,0,6,0
Grains and cereals,Grains,27.8,61,1,6,0
Grains and cereals,Grains,27.8,62,2,6,0
Grains and cereals,Grains,27.8,63,3,6,0
Grains and cereals,Grains,27.8,64,4,6,0
Grains and cereals,Grains,27.8,65,5,6,0
Grains and cereals,Grains,27.8,66,6,6,0
Grains and cereals,Grains,27.8,67,7,6,0
Grains and cereals,Grains,27.8,68,8,6,0
Grains and cereals,Grains,27.8,69,9,6,0
Grains and cereals,Grains,27.8,70,0,7,0
Grains and cereals,Grains,27.8,71,1,7,0
Grains and cereals,Grains,27.8,72,2,7,0
Grains and cereals,Grains,27.8,73,3,7,0
Grains and cereals,Grains,27.8,74,4,7,0
Grains and cereals,Grains,27.8,75,5,7,0
Grains and cereals,Grains,27.8,76,6,7,0
Grains and cereals,Grains,27.8,77,7,7,0
Grains and cereals,Grains,27.8,78,8,7,0
Grains and cereals,Grains,27.8,79,9,7,0
Grains and cereals,Grains,27.8,80,0,8,0
Grains and cereals,Grains,27.8,81,1,8,0
Grains and cereals,Grains,27.8,82,2,8,0
Grains and cereals,Grains,27.8,83,3,8,0
Grains and cereals,Grains,27.8,84,4,8,0
Grains and cereals,Grains,27.8,85,5,8,0
Grains and cereals,Grains,27.8,86,6,8,0
Grains and cereals,Grains,27.8,87,7,8,0
Grains and cereals,Grains,27.8,88,8,8,0
Grains and cereals,Grains,27.8,89,9,8,0
Grains and cereals,Grains,27.8,90,0,9,0
Grains and cereals,Grains,27.8,91,1,9,0
Grains and cereals,Grains,27.8,92,2,9,0
Grains and cereals,Grains,27.8,93,3,9,0
Grains and cereals,Grains,27.8,94,4,9,0
Grains and cereals,Grains,27.8,95,5,9,0
Grains and cereals,Grains,27.8,96,6,9,0
Grains and cereals,Grains,27.8,97,7,9,0
Grains and cereals,Grains,27.8,98,8,9,0
Grains and cereals,Grains,27.8,99,9,9,0
