cell,col,row,affected
0,0,0,1
1,1,0,1
2,2,0,1
3,3,0,1
4,4,0,1
5,5,0,1
6,6,0,1
7,7,0,1
8,8,0,1
9,9,0,1
10,10,0,1
11,11,0,1
12,12,0,1
13,13,0,0
14,14,0,0
15,15,0,0
16,16,0,0
17,17,0,0
18,18,0,0
19,19,0,0
20,0,1,0
21,1,1,0
22,2,1,0
23,3,1,0
24,4,1,0
25,5,1,0
26,6,1,0
27,7,1,0
28,8,1,0
29,9,1,0
30,10,1,0
31,11,1,0
32,12,1,0
33,13,1,0
34,14,1,0
35,15,1,0
36,16,1,0
37,17,1,0
38,18,1,0
39,19,1,0
40,0,2,0
41,1,2,0
42,2,2,0
43,3,2,0
44,4,2,0
45,5,2,0
46,6,2,0
47,7,2,0
48,8,2,0
49,9,2,0
50,10,2,0
51,11,2,0
52,12,2,0
53,13,2,0
54,14,2,0
55,15,2,0
56,16,2,0
57,17,2,0
58,18,2,0
59,19,2,0
60,0,3,0
61,1,3,0
62,2,3,0
63,3,3,0
64,4,3,0
65,5,3,0
66,6,3,0
67,7,3,0
68,8,3,0
69,9,3,0
70,10,3,0
71,11,3,0
72,12,3,0
73,13,3,0
74,14,3,0
75,15,3,0
76,16,3,0
77,17,3,0
78,18,3,0
79,19,3,0
80,0,4,0
81,1,4,0
82,2,4,0
83,3,4,0
84,4,4,0
85,5,4,0
86,6,4,0
87,7,4,0
88,8,4,0
89,9,4,0
90,10,4,0
91,11,4,0
92,12,4,0
93,13,4,0
94,14,4,0
95,15,4,0
96,16,4,0
97,17,4,0
98,18,4,0
99,19,4,0
