indicator,year,value,unit
Average daily food and beverage consumption including water,2023,3.2,kg per person
Energy from discretionary foods,2023,31.3,percent
Energy from discretionary foods,2011-12,35.4,percent
Free sugars share of energy,2023,8.2,percent
Daily sodium intake,2023,2400,mg per person (rounded; source says just under 2,400)
People consuming sweetened beverages,2023,28.9,percent
People vegetarian or vegan,2023,5.3,percent
Households experiencing food insecurity,2023,13.2,percent
People meeting lean meat and alternatives recommendation,2023,20.6,percent
People meeting grains and cereals recommendation,2023,27.8,percent
People meeting fruit recommendation,2023,23.1,percent
People meeting vegetables legumes and beans recommendation,2023,4.3,percent
