destination,step,longitude,latitude,quantity_kt,share_pct
Indonesia,0,134.376,-25.561,3456.7,17.6
Indonesia,1,133.55,-24.695,3456.7,17.6
Indonesia,2,132.736,-23.824,3456.7,17.6
Indonesia,3,131.933,-22.949,3456.7,17.6
Indonesia,4,131.14,-22.07,3456.7,17.6
Indonesia,5,130.356,-21.188,3456.7,17.6
Indonesia,6,129.582,-20.302,3456.7,17.6
Indonesia,7,128.817,-19.412,3456.7,17.6
Indonesia,8,128.061,-18.519,3456.7,17.6
Indonesia,9,127.312,-17.624,3456.7,17.6
Indonesia,10,126.57,-16.725,3456.7,17.6
Indonesia,11,125.836,-15.824,3456.7,17.6
Indonesia,12,125.108,-14.921,3456.7,17.6
Indonesia,13,124.386,-14.015,3456.7,17.6
Indonesia,14,123.67,-13.107,3456.7,17.6
Indonesia,15,122.959,-12.197,3456.7,17.6
Indonesia,16,122.253,-11.285,3456.7,17.6
Indonesia,17,121.551,-10.372,3456.7,17.6
Indonesia,18,120.854,-9.457,3456.7,17.6
Indonesia,19,120.16,-8.54,3456.7,17.6
Indonesia,20,119.47,-7.623,3456.7,17.6
Indonesia,21,118.782,-6.704,3456.7,17.6
Indonesia,22,118.097,-5.785,3456.7,17.6
Indonesia,23,117.415,-4.864,3456.7,17.6
Indonesia,24,116.734,-3.943,3456.7,17.6
Indonesia,25,116.054,-3.022,3456.7,17.6
Indonesia,26,115.376,-2.1,3456.7,17.6
Indonesia,27,114.699,-1.177,3456.7,17.6
Indonesia,28,114.022,-0.255,3456.7,17.6
China,0,134.376,-25.561,3230.5,16.4
China,1,133.209,-23.357,3230.5,16.4
China,2,132.08,-21.145,3230.5,16.4
China,3,130.985,-18.926,3230.5,16.4
China,4,129.918,-16.7,3230.5,16.4
China,5,128.876,-14.47,3230.5,16.4
China,6,127.855,-12.234,3230.5,16.4
China,7,126.851,-9.995,3230.5,16.4
China,8,125.86,-7.753,3230.5,16.4
China,9,124.881,-5.509,3230.5,16.4
China,10,123.908,-3.263,3230.5,16.4
China,11,122.94,-1.016,3230.5,16.4
China,12,121.973,1.231,3230.5,16.4
China,13,121.005,3.478,3230.5,16.4
China,14,120.032,5.724,3230.5,16.4
China,15,119.051,7.968,3230.5,16.4
China,16,118.059,10.21,3230.5,16.4
China,17,117.054,12.448,3230.5,16.4
China,18,116.03,14.683,3230.5,16.4
China,19,114.986,16.914,3230.5,16.4
China,20,113.917,19.139,3230.5,16.4
China,21,112.819,21.357,3230.5,16.4
China,22,111.686,23.569,3230.5,16.4
China,23,110.516,25.772,3230.5,16.4
China,24,109.3,27.965,3230.5,16.4
China,25,108.035,30.147,3230.5,16.4
China,26,106.713,32.316,3230.5,16.4
China,27,105.325,34.471,3230.5,16.4
China,28,103.865,36.609,3230.5,16.4
Philippines,0,134.376,-25.561,2518.3,12.8
Philippines,1,133.848,-24.096,2518.3,12.8
Philippines,2,133.333,-22.629,2518.3,12.8
Philippines,3,132.828,-21.16,2518.3,12.8
Philippines,4,132.333,-19.69,2518.3,12.8
Philippines,5,131.847,-18.219,2518.3,12.8
Philippines,6,131.37,-16.746,2518.3,12.8
Philippines,7,130.899,-15.273,2518.3,12.8
Philippines,8,130.436,-13.798,2518.3,12.8
Philippines,9,129.978,-12.323,2518.3,12.8
Philippines,10,129.525,-10.846,2518.3,12.8
Philippines,11,129.076,-9.369,2518.3,12.8
Philippines,12,128.632,-7.892,2518.3,12.8
Philippines,13,128.19,-6.414,2518.3,12.8
Philippines,14,127.752,-4.936,2518.3,12.8
Philippines,15,127.315,-3.457,2518.3,12.8
Philippines,16,126.879,-1.978,2518.3,12.8
Philippines,17,126.444,-0.499,2518.3,12.8
Philippines,18,126.01,0.979,2518.3,12.8
Philippines,19,125.575,2.458,2518.3,12.8
Philippines,20,125.139,3.937,2518.3,12.8
Philippines,21,124.701,5.416,2518.3,12.8
Philippines,22,124.262,6.894,2518.3,12.8
Philippines,23,123.819,8.371,2518.3,12.8
Philippines,24,123.374,9.849,2518.3,12.8
Philippines,25,122.924,11.325,2518.3,12.8
Philippines,26,122.47,12.801,2518.3,12.8
Philippines,27,122.01,14.277,2518.3,12.8
Philippines,28,121.544,15.751,2518.3,12.8
Yemen,0,134.376,-25.561,1583.9,8.0
Yemen,1,130.82,-24.608,1583.9,8.0
Yemen,2,127.319,-23.574,1583.9,8.0
Yemen,3,123.876,-22.462,1583.9,8.0
Yemen,4,120.489,-21.278,1583.9,8.0
Yemen,5,117.157,-20.027,1583.9,8.0
Yemen,6,113.88,-18.716,1583.9,8.0
Yemen,7,110.654,-17.348,1583.9,8.0
Yemen,8,107.476,-15.929,1583.9,8.0
Yemen,9,104.344,-14.464,1583.9,8.0
Yemen,10,101.254,-12.959,1583.9,8.0
Yemen,11,98.201,-11.418,1583.9,8.0
Yemen,12,95.181,-9.845,1583.9,8.0
Yemen,13,92.19,-8.246,1583.9,8.0
Yemen,14,89.224,-6.625,1583.9,8.0
Yemen,15,86.277,-4.986,1583.9,8.0
Yemen,16,83.344,-3.334,1583.9,8.0
Yemen,17,80.422,-1.674,1583.9,8.0
Yemen,18,77.504,-0.009,1583.9,8.0
Yemen,19,74.587,1.656,1583.9,8.0
Yemen,20,71.665,3.316,1583.9,8.0
Yemen,21,68.732,4.968,1583.9,8.0
Yemen,22,65.786,6.607,1583.9,8.0
Yemen,23,62.819,8.228,1583.9,8.0
Yemen,24,59.829,9.827,1583.9,8.0
Yemen,25,56.809,11.4,1583.9,8.0
Yemen,26,53.757,12.942,1583.9,8.0
Yemen,27,50.667,14.448,1583.9,8.0
Yemen,28,47.535,15.913,1583.9,8.0
South Korea,0,134.376,-25.561,1292.8,6.6
South Korea,1,134.125,-23.348,1292.8,6.6
South Korea,2,133.882,-21.134,1292.8,6.6
South Korea,3,133.646,-18.921,1292.8,6.6
South Korea,4,133.416,-16.707,1292.8,6.6
South Korea,5,133.191,-14.492,1292.8,6.6
South Korea,6,132.971,-12.278,1292.8,6.6
South Korea,7,132.755,-10.063,1292.8,6.6
South Korea,8,132.542,-7.848,1292.8,6.6
South Korea,9,132.33,-5.633,1292.8,6.6
South Korea,10,132.121,-3.418,1292.8,6.6
South Korea,11,131.912,-1.203,1292.8,6.6
South Korea,12,131.704,1.012,1292.8,6.6
South Korea,13,131.495,3.227,1292.8,6.6
South Korea,14,131.286,5.442,1292.8,6.6
South Korea,15,131.075,7.657,1292.8,6.6
South Korea,16,130.862,9.872,1292.8,6.6
South Korea,17,130.646,12.087,1292.8,6.6
South Korea,18,130.426,14.301,1292.8,6.6
South Korea,19,130.202,16.516,1292.8,6.6
South Korea,20,129.973,18.73,1292.8,6.6
South Korea,21,129.737,20.944,1292.8,6.6
South Korea,22,129.495,23.157,1292.8,6.6
South Korea,23,129.244,25.37,1292.8,6.6
South Korea,24,128.984,27.583,1292.8,6.6
South Korea,25,128.714,29.795,1292.8,6.6
South Korea,26,128.431,32.007,1292.8,6.6
South Korea,27,128.134,34.218,1292.8,6.6
South Korea,28,127.821,36.428,1292.8,6.6
Vietnam,0,134.376,-25.561,1147.4,5.8
Vietnam,1,133.222,-24.101,1147.4,5.8
Vietnam,2,132.095,-22.633,1147.4,5.8
Vietnam,3,130.991,-21.157,1147.4,5.8
Vietnam,4,129.909,-19.674,1147.4,5.8
Vietnam,5,128.847,-18.185,1147.4,5.8
Vietnam,6,127.803,-16.69,1147.4,5.8
Vietnam,7,126.775,-15.19,1147.4,5.8
Vietnam,8,125.762,-13.685,1147.4,5.8
Vietnam,9,124.762,-12.176,1147.4,5.8
Vietnam,10,123.773,-10.664,1147.4,5.8
Vietnam,11,122.794,-9.148,1147.4,5.8
Vietnam,12,121.823,-7.63,1147.4,5.8
Vietnam,13,120.859,-6.11,1147.4,5.8
Vietnam,14,119.9,-4.588,1147.4,5.8
Vietnam,15,118.946,-3.065,1147.4,5.8
Vietnam,16,117.994,-1.541,1147.4,5.8
Vietnam,17,117.044,-0.016,1147.4,5.8
Vietnam,18,116.093,1.508,1147.4,5.8
Vietnam,19,115.142,3.032,1147.4,5.8
Vietnam,20,114.187,4.556,1147.4,5.8
Vietnam,21,113.229,6.078,1147.4,5.8
Vietnam,22,112.265,7.598,1147.4,5.8
Vietnam,23,111.294,9.116,1147.4,5.8
Vietnam,24,110.315,10.631,1147.4,5.8
Vietnam,25,109.326,12.144,1147.4,5.8
Vietnam,26,108.326,13.653,1147.4,5.8
Vietnam,27,107.313,15.158,1147.4,5.8
Vietnam,28,106.286,16.658,1147.4,5.8
Japan,0,134.376,-25.561,1106.0,5.6
Japan,1,134.472,-23.362,1106.0,5.6
Japan,2,134.566,-21.163,1106.0,5.6
Japan,3,134.656,-18.963,1106.0,5.6
Japan,4,134.744,-16.764,1106.0,5.6
Japan,5,134.83,-14.565,1106.0,5.6
Japan,6,134.915,-12.365,1106.0,5.6
Japan,7,134.998,-10.166,1106.0,5.6
Japan,8,135.079,-7.966,1106.0,5.6
Japan,9,135.16,-5.767,1106.0,5.6
Japan,10,135.241,-3.568,1106.0,5.6
Japan,11,135.321,-1.368,1106.0,5.6
Japan,12,135.401,0.831,1106.0,5.6
Japan,13,135.48,3.031,1106.0,5.6
Japan,14,135.561,5.23,1106.0,5.6
Japan,15,135.641,7.43,1106.0,5.6
Japan,16,135.723,9.629,1106.0,5.6
Japan,17,135.806,11.829,1106.0,5.6
Japan,18,135.89,14.028,1106.0,5.6
Japan,19,135.975,16.227,1106.0,5.6
Japan,20,136.063,18.427,1106.0,5.6
Japan,21,136.153,20.626,1106.0,5.6
Japan,22,136.245,22.825,1106.0,5.6
Japan,23,136.341,25.024,1106.0,5.6
Japan,24,136.44,27.223,1106.0,5.6
Japan,25,136.543,29.422,1106.0,5.6
Japan,26,136.65,31.621,1106.0,5.6
Japan,27,136.763,33.82,1106.0,5.6
Japan,28,136.882,36.019,1106.0,5.6
Malaysia,0,134.376,-25.561,780.4,4.0
Malaysia,1,133.57,-24.554,780.4,4.0
Malaysia,2,132.778,-23.543,780.4,4.0
Malaysia,3,131.997,-22.528,780.4,4.0
Malaysia,4,131.228,-21.51,780.4,4.0
Malaysia,5,130.469,-20.488,780.4,4.0
Malaysia,6,129.721,-19.462,780.4,4.0
Malaysia,7,128.982,-18.434,780.4,4.0
Malaysia,8,128.252,-17.403,780.4,4.0
Malaysia,9,127.53,-16.369,780.4,4.0
Malaysia,10,126.815,-15.332,780.4,4.0
Malaysia,11,126.108,-14.294,780.4,4.0
Malaysia,12,125.407,-13.253,780.4,4.0
Malaysia,13,124.712,-12.211,780.4,4.0
Malaysia,14,124.023,-11.167,780.4,4.0
Malaysia,15,123.339,-10.121,780.4,4.0
Malaysia,16,122.659,-9.074,780.4,4.0
Malaysia,17,121.983,-8.025,780.4,4.0
Malaysia,18,121.31,-6.976,780.4,4.0
Malaysia,19,120.641,-5.925,780.4,4.0
Malaysia,20,119.974,-4.874,780.4,4.0
Malaysia,21,119.309,-3.822,780.4,4.0
Malaysia,22,118.646,-2.77,780.4,4.0
Malaysia,23,117.983,-1.717,780.4,4.0
Malaysia,24,117.322,-0.664,780.4,4.0
Malaysia,25,116.661,0.389,780.4,4.0
Malaysia,26,116.0,1.443,780.4,4.0
Malaysia,27,115.338,2.495,780.4,4.0
Malaysia,28,114.675,3.548,780.4,4.0
Thailand,0,134.376,-25.561,670.9,3.4
Thailand,1,133.004,-24.184,670.9,3.4
Thailand,2,131.661,-22.794,670.9,3.4
Thailand,3,130.345,-21.394,670.9,3.4
Thailand,4,129.055,-19.983,670.9,3.4
Thailand,5,127.787,-18.564,670.9,3.4
Thailand,6,126.54,-17.136,670.9,3.4
Thailand,7,125.313,-15.7,670.9,3.4
Thailand,8,124.103,-14.258,670.9,3.4
Thailand,9,122.908,-12.81,670.9,3.4
Thailand,10,121.726,-11.356,670.9,3.4
Thailand,11,120.557,-9.898,670.9,3.4
Thailand,12,119.398,-8.436,670.9,3.4
Thailand,13,118.248,-6.97,670.9,3.4
Thailand,14,117.105,-5.502,670.9,3.4
Thailand,15,115.968,-4.032,670.9,3.4
Thailand,16,114.835,-2.559,670.9,3.4
Thailand,17,113.704,-1.086,670.9,3.4
Thailand,18,112.575,0.387,670.9,3.4
Thailand,19,111.445,1.861,670.9,3.4
Thailand,20,110.313,3.333,670.9,3.4
Thailand,21,109.178,4.805,670.9,3.4
Thailand,22,108.038,6.274,670.9,3.4
Thailand,23,106.891,7.741,670.9,3.4
Thailand,24,105.736,9.205,670.9,3.4
Thailand,25,104.572,10.665,670.9,3.4
Thailand,26,103.397,12.121,670.9,3.4
Thailand,27,102.209,13.572,670.9,3.4
Thailand,28,101.006,15.017,670.9,3.4
New Zealand,0,134.376,-25.561,617.2,3.1
New Zealand,1,135.406,-26.375,617.2,3.1
New Zealand,2,136.451,-27.181,617.2,3.1
New Zealand,3,137.511,-27.98,617.2,3.1
New Zealand,4,138.587,-28.77,617.2,3.1
New Zealand,5,139.679,-29.552,617.2,3.1
New Zealand,6,140.788,-30.325,617.2,3.1
New Zealand,7,141.915,-31.088,617.2,3.1
New Zealand,8,143.059,-31.841,617.2,3.1
New Zealand,9,144.223,-32.584,617.2,3.1
New Zealand,10,145.406,-33.316,617.2,3.1
New Zealand,11,146.608,-34.036,617.2,3.1
New Zealand,12,147.831,-34.745,617.2,3.1
New Zealand,13,149.075,-35.441,617.2,3.1
New Zealand,14,150.34,-36.124,617.2,3.1
New Zealand,15,151.628,-36.794,617.2,3.1
New Zealand,16,152.938,-37.449,617.2,3.1
New Zealand,17,154.271,-38.09,617.2,3.1
New Zealand,18,155.627,-38.715,617.2,3.1
New Zealand,19,157.006,-39.325,617.2,3.1
New Zealand,20,158.41,-39.918,617.2,3.1
New Zealand,21,159.838,-40.494,617.2,3.1
New Zealand,22,161.29,-41.052,617.2,3.1
New Zealand,23,162.767,-41.591,617.2,3.1
New Zealand,24,164.268,-42.111,617.2,3.1
New Zealand,25,165.793,-42.611,617.2,3.1
New Zealand,26,167.343,-43.091,617.2,3.1
New Zealand,27,168.916,-43.549,617.2,3.1
New Zealand,28,170.513,-43.986,617.2,3.1
South Africa,0,134.376,-25.561,414.2,2.1
South Africa,1,131.284,-27.394,414.2,2.1
South Africa,2,128.09,-29.157,414.2,2.1
South Africa,3,124.787,-30.841,414.2,2.1
South Africa,4,121.368,-32.439,414.2,2.1
South Africa,5,117.831,-33.941,414.2,2.1
South Africa,6,114.17,-35.338,414.2,2.1
South Africa,7,110.387,-36.622,414.2,2.1
South Africa,8,106.481,-37.781,414.2,2.1
South Africa,9,102.459,-38.808,414.2,2.1
South Africa,10,98.327,-39.694,414.2,2.1
South Africa,11,94.097,-40.429,414.2,2.1
South Africa,12,89.784,-41.007,414.2,2.1
South Africa,13,85.405,-41.421,414.2,2.1
South Africa,14,80.981,-41.668,414.2,2.1
South Africa,15,76.536,-41.744,414.2,2.1
South Africa,16,72.091,-41.648,414.2,2.1
South Africa,17,67.672,-41.383,414.2,2.1
South Africa,18,63.3,-40.949,414.2,2.1
South Africa,19,58.995,-40.354,414.2,2.1
South Africa,20,54.775,-39.601,414.2,2.1
South Africa,21,50.655,-38.7,414.2,2.1
South Africa,22,46.646,-37.657,414.2,2.1
South Africa,23,42.754,-36.483,414.2,2.1
South Africa,24,38.984,-35.186,414.2,2.1
South Africa,25,35.338,-33.777,414.2,2.1
South Africa,26,31.814,-32.263,414.2,2.1
South Africa,27,28.409,-30.656,414.2,2.1
South Africa,28,25.118,-28.962,414.2,2.1
Kuwait,0,134.376,-25.561,408.7,2.1
Kuwait,1,130.941,-23.851,408.7,2.1
Kuwait,2,127.598,-22.068,408.7,2.1
Kuwait,3,124.34,-20.218,408.7,2.1
Kuwait,4,121.159,-18.31,408.7,2.1
Kuwait,5,118.049,-16.35,408.7,2.1
Kuwait,6,115.001,-14.345,408.7,2.1
Kuwait,7,112.008,-12.302,408.7,2.1
Kuwait,8,109.061,-10.227,408.7,2.1
Kuwait,9,106.153,-8.126,408.7,2.1
Kuwait,10,103.275,-6.005,408.7,2.1
Kuwait,11,100.419,-3.868,408.7,2.1
Kuwait,12,97.578,-1.722,408.7,2.1
Kuwait,13,94.744,0.428,408.7,2.1
Kuwait,14,91.908,2.577,408.7,2.1
Kuwait,15,89.062,4.72,408.7,2.1
Kuwait,16,86.198,6.851,408.7,2.1
Kuwait,17,83.309,8.965,408.7,2.1
Kuwait,18,80.387,11.056,408.7,2.1
Kuwait,19,77.423,13.119,408.7,2.1
Kuwait,20,74.408,15.147,408.7,2.1
Kuwait,21,71.337,17.135,408.7,2.1
Kuwait,22,68.199,19.075,408.7,2.1
Kuwait,23,64.989,20.961,408.7,2.1
Kuwait,24,61.697,22.786,408.7,2.1
Kuwait,25,58.318,24.541,408.7,2.1
Kuwait,26,54.846,26.219,408.7,2.1
Kuwait,27,51.274,27.811,408.7,2.1
Kuwait,28,47.6,29.308,408.7,2.1
