destination,city,dest_lon,dest_lat,origin_lon,origin_lat,quantity_kt,share_pct
Indonesia,Jakarta,106.85,-6.21,134.38,-25.56,3456.7,17.6
China,Shanghai,121.47,31.23,134.38,-25.56,3230.5,16.4
Philippines,Manila,120.98,14.6,134.38,-25.56,2518.3,12.8
Yemen,Sana'a,44.21,15.35,134.38,-25.56,1583.9,8.0
South Korea,Seoul,126.98,37.57,134.38,-25.56,1292.8,6.6
Vietnam,Ho Chi Minh City,106.7,10.78,134.38,-25.56,1147.4,5.8
Japan,Tokyo,139.69,35.69,134.38,-25.56,1106.0,5.6
Malaysia,Kuala Lumpur,101.69,3.14,134.38,-25.56,780.4,4.0
Thailand,Bangkok,100.5,13.75,134.38,-25.56,670.9,3.4
New Zealand,Auckland,174.76,-36.85,134.38,-25.56,617.2,3.1
South Africa,Johannesburg,28.05,-26.2,134.38,-25.56,414.2,2.1
Kuwait,Kuwait City,47.98,29.37,134.38,-25.56,408.7,2.1
